"simulation","method","median","mem_alloc","runtime_sec"
1,"missknn",  3.25ms,1016.54KB,0.00325379613786936
1,"missForest",352.57ms,  89.17MB,0.352570625138469
1,"missMDA",  4.32ms,   6.42MB,0.00432140997145325
1,"VIM::kNN", 52.68ms,   8.95MB,0.0526812970638275
2,"missknn",  3.29ms, 359.65KB,0.00329212797805667
2,"missForest",614.26ms, 108.05MB,0.614258210058324
2,"missMDA",  4.95ms,   6.66MB,0.0049502799520269
2,"VIM::kNN", 53.96ms,   6.3MB,0.0539621399948373
3,"missknn",  6.36ms, 359.26KB,0.00636040710378438
3,"missForest",506.59ms,  88.73MB,0.506587083917111
3,"missMDA", 10.25ms,   6.11MB,0.0102522310335189
3,"VIM::kNN", 69.56ms,   5.9MB,0.0695634989533573
4,"missknn",  6.35ms, 347.12KB,0.00634971703402698
4,"missForest",520.52ms, 108.6MB,0.520518840057775
4,"missMDA",  8.28ms,   6.11MB,0.00828318519052118
4,"VIM::kNN", 54.73ms,   6.23MB,0.0547319151228294
5,"missknn",  4.29ms, 361.09KB,0.00428964011371136
5,"missForest",389.18ms,  88.83MB,0.389175960095599
5,"missMDA",  4.22ms,   5.01MB,0.00422208395320922
5,"VIM::kNN", 50.41ms,   5.92MB,0.05040859116707
6,"missknn",  3.19ms, 360.39KB,0.00319034710992128
6,"missForest",258.87ms,  65.64MB,0.258867202093825
6,"missMDA",  8.31ms,   6.66MB,0.00830594706349075
6,"VIM::kNN", 53.04ms,   6.16MB,0.0530438770074397
7,"missknn",  6.01ms, 352.82KB,0.00601278408430517
7,"missForest",511.84ms,  88.3MB,0.511844389024191
7,"missMDA", 12.39ms,  11.32MB,0.012392056058161
7,"VIM::kNN", 70.75ms,   6MB,0.0707459170371294
8,"missknn",  8.32ms, 352.9KB,0.00831583596300334
8,"missForest",591.13ms, 109.35MB,0.591130863991566
8,"missMDA",  4.57ms,   5.29MB,0.00456739205401391
8,"VIM::kNN", 46.83ms,   6.12MB,0.0468340321676806
9,"missknn",  3.38ms, 361.91KB,0.00338023307267576
9,"missForest",637.89ms, 157.35MB,0.63789320201613
9,"missMDA",  5.69ms,   8.02MB,0.00568802398629487
9,"VIM::kNN", 53.65ms,   5.7MB,0.0536490831291303
10,"missknn",  5.61ms, 361.23KB,0.00560741405934095
10,"missForest",495.52ms,  88.78MB,0.495522897108458
10,"missMDA",  5.26ms,   4.74MB,0.00526020093820989
10,"VIM::kNN", 78.02ms,   5.93MB,0.0780189470387995
11,"missknn",  4.57ms, 360.53KB,0.00456531799864024
11,"missForest",641.13ms, 109.59MB,0.641129431896843
11,"missMDA",  7.9ms,   5.29MB,0.00789782195352018
11,"VIM::kNN", 81.67ms,   6.11MB,0.0816716919653118
12,"missknn",  3.46ms, 357.88KB,0.00346077501308173
12,"missForest",431.54ms, 109.41MB,0.43154030200094
12,"missMDA",  8.25ms,   6.38MB,0.00825295795220882
12,"VIM::kNN", 52.49ms,   6.12MB,0.0524864899925888
13,"missknn",  3.26ms, 359.34KB,0.00325728312600404
13,"missForest",437.56ms, 107.28MB,0.437559507088736
13,"missMDA", 19.77ms,   5.56MB,0.0197677181567997
13,"VIM::kNN", 49.75ms,   6.41MB,0.0497482621576637
14,"missknn",  4.79ms, 356.69KB,0.00478777592070401
14,"missForest",862.02ms, 150.09MB,0.862020832952112
14,"missMDA",  7.86ms,   6.11MB,0.00785958010237664
14,"VIM::kNN", 80.95ms,   6.41MB,0.080952562042512
15,"missknn",  4.02ms, 358.8KB,0.00402239814866334
15,"missForest",355.93ms,  89.07MB,0.355931467027403
15,"missMDA",  4.01ms,   5.29MB,0.00401369307655841
15,"VIM::kNN", 50.25ms,   5.86MB,0.050253780093044
16,"missknn",  3.28ms, 361.51KB,0.003280556993559
16,"missForest",447.59ms, 111.47MB,0.447587715927511
16,"missMDA",  4.23ms,   5.01MB,0.00422598095610738
16,"VIM::kNN", 45.62ms,   5.84MB,0.0456158460583538
17,"missknn",  4.4ms, 359.33KB,0.00440438487567008
17,"missForest",  1.19s, 171.53MB,1.19238349411171
17,"missMDA",  6.01ms,   6.11MB,0.00600986811332405
17,"VIM::kNN", 79.37ms,   6.41MB,0.0793728668941185
18,"missknn",  4.65ms, 360.13KB,0.00464820303022861
18,"missForest",385.56ms,  65.56MB,0.385560118942522
18,"missMDA",  5.94ms,   6.11MB,0.0059376930585131
18,"VIM::kNN", 73.46ms,   6.15MB,0.0734622039599344
19,"missknn",  3.27ms, 360.97KB,0.00327376404311508
19,"missForest",432.87ms, 110.47MB,0.432870986987837
19,"missMDA",  4.24ms,   5.83MB,0.00424383406061679
19,"VIM::kNN", 48.69ms,   6MB,0.0486922790296376
20,"missknn",  3.15ms, 360.34KB,0.00315381796099246
20,"missForest",425.67ms, 108.96MB,0.42566579405684
20,"missMDA",  8.54ms,   5.83MB,0.00854300206992775
20,"VIM::kNN", 54.27ms,   6.18MB,0.0542728931177408
21,"missknn",  4.91ms, 361.74KB,0.00490851188078523
21,"missForest",904.2ms, 156.54MB,0.904199903947301
21,"missMDA",  7.67ms,   6.93MB,0.00767373107373714
21,"VIM::kNN", 70.75ms,   5.77MB,0.0707474689697847
22,"missknn",  4.99ms, 360.37KB,0.00498576706741005
22,"missForest",598.81ms, 152.67MB,0.598813664051704
22,"missMDA", 16.34ms,  14.33MB,0.0163381309248507
22,"VIM::kNN", 62.91ms,   6.18MB,0.0629120249068365
23,"missknn",  3.31ms, 360.47KB,0.0033105630427599
23,"missForest",437.27ms, 109.28MB,0.437274750089273
23,"missMDA",  4.29ms,   5.83MB,0.00429309613537043
23,"VIM::kNN", 47.67ms,   6.14MB,0.0476667251205072
24,"missknn",  4.68ms, 361.19KB,0.00468027393799275
24,"missForest",496.21ms,  88.77MB,0.496207506977953
24,"missMDA",  5.1ms,   5.01MB,0.00509933894500136
24,"VIM::kNN", 69.17ms,   5.9MB,0.0691669440129772
25,"missknn",  4.65ms, 361.16KB,0.00464845297392458
25,"missForest",624.69ms, 110.49MB,0.624694052152336
25,"missMDA",  8.3ms,   5.01MB,0.00830110814422369
25,"VIM::kNN", 45.26ms,   5.96MB,0.0452564308652654
26,"missknn",  3.32ms, 360.75KB,0.00332445814274251
26,"missForest",429.63ms, 110.4MB,0.429633558145724
26,"missMDA",  8.94ms,  12.14MB,0.00893779308535159
26,"VIM::kNN", 50.91ms,   6.01MB,0.0509056618902832
27,"missknn",  3.25ms, 360.41KB,0.00325247412547469
27,"missForest",528.41ms, 131MB,0.528406712110154
27,"missMDA",  7.93ms,   5.01MB,0.00793272699229419
27,"VIM::kNN", 72.06ms,   6.16MB,0.0720600230852142
28,"missknn",  4.59ms, 359.57KB,0.00459374091587961
28,"missForest",493.14ms,  86.22MB,0.493144757114351
28,"missMDA", 10.38ms,   6.38MB,0.0103799999924377
28,"VIM::kNN", 68.19ms,   6.32MB,0.0681935971369967
29,"missknn",  4.41ms, 359.19KB,0.00441271206364036
29,"missForest",511.06ms,  85.38MB,0.511055127950385
29,"missMDA",  7.52ms,   6.11MB,0.00751921092160046
29,"VIM::kNN", 73.86ms,   6.49MB,0.0738641381030902
30,"missknn",  5.5ms, 356.09KB,0.00549459096509963
30,"missForest",483.94ms,  84.95MB,0.483944790903479
30,"missMDA",  5.08ms,   5.01MB,0.00507503491826355
30,"VIM::kNN", 71.92ms,   6.59MB,0.0719196780119091
